{
  "label": "L2 only",
  "tp": 225,
  "fp": 9,
  "fn": 225,
  "tn": 291,
  "precision": 0.9615384615384616,
  "recall": 0.5,
  "f1": 0.6578947368421052,
  "asr3": 0.5,
  "sources": {
    "none": 516,
    "L2_rules_clip": 52,
    "Qwen3_VL": 180,
    "L1_text": 2
  },
  "time": 2665.6420419216156
}