{
  "label": "L1+L2+L3(full)+VLM",
  "tp": 323,
  "fp": 128,
  "fn": 127,
  "tn": 172,
  "precision": 0.7161862527716186,
  "recall": 0.7177777777777777,
  "f1": 0.7169811320754718,
  "asr3": 0.2822222222222222,
  "sources": {
    "none": 299,
    "Qwen3_VL": 29,
    "L2_rules_clip": 52,
    "L3_formal": 368,
    "L1_text": 2
  },
  "time": 1297.0605351924896
}