{
  "label": "L1+L2+L3*(refined)+VLM",
  "tp": 247,
  "fp": 22,
  "fn": 203,
  "tn": 278,
  "precision": 0.9182156133828996,
  "recall": 0.5488888888888889,
  "f1": 0.6870653685674547,
  "asr3": 0.45111111111111113,
  "sources": {
    "none": 481,
    "Qwen3_VL": 124,
    "L2_rules_clip": 52,
    "L3_formal": 91,
    "L1_text": 2
  },
  "time": 2228.8777577877045
}